class_mirror,class_intra,ss_target,ss_mirror,ss_intra,atom_contact_areas_target,hydrophilicity_target,hydrophilicity_intra,hydrophilicity_mirror,_pssm,residue_contacts_target,dparea,psi,residue_contacts_mirror,carea,isopoint_mirror,classtarget
 cla4,cla4,cla4,helix,loop,helix,60.2,48.1,103.6,24.5,34,48.8,-25.35,38,28,8.2,nonhotspot
 cla4,cla4,cla4,helix,loop,helix,93.2,48.1,103.6,0.8,30,21.7,-42.31,38,1.9,8.2,nonhotspot
 cla4,cla4,cla4,helix,loop,helix,48.1,93.2,103.6,49.7,10,11.2,-40.51,38,34.6,8.2,nonhotspot
 cla2,cla4,cla4,helix,loop,helix,72.6,93.2,103.6,25.7,32,29.2,-41.94,38,32,8.2,nonhotspot
 cla3,cla3,cla5,helix,strand,helix,62,57.8,72.7,36.1,33,41.9,-48.17,33,35.5,0.6,nonhotspot
 cla2,cla4,cla4,helix,loop,loop,95.2,63.7,75.6,0.4,31,36.9,-40.52,43,1.7,3,nonhotspot
 cla4,cla6,cla2,loop,strand,helix,63.7,95.2,56.7,76.2,29,68.8,2.6,22,57.5,-1.5,nonhotspot
 cla3,cla5,cla2,helix,loop,loop,67.3,74.5,133.2,0.7,18,10.2,-27.13,35,0.5,0.6,nonhotspot
 cla6,cla5,cla2,helix,loop,loop,55.7,74.5,133.2,42.6,13,15.6,-0.7,35,19,0.6,nonhotspot
 cla3,cla2,cla2,loop,loop,loop,64.3,48,83.3,22.7,27,54.1,-2.87,36,22.8,-2.2,nonhotspot
 cla4,cla4,cla3,loop,loop,loop,97.8,64.3,143.3,20.5,29,36.4,169.81,60,26.5,4.9,nonhotspot
 cla5,cla6,cla4,helix,loop,loop,106,97.8,84.4,55.8,45,53.5,-45.79,27,56.4,5.9,nonhotspot
 cla6,cla3,cla5,helix,loop,helix,71.9,106,63.2,110.1,21,17.6,-62.79,17,99.2,8.2,nonhotspot
 cla4,cla6,cla3,helix,loop,helix,87.3,65,84.4,43.9,26,39.6,4.85,27,23.3,5.9,nonhotspot
 cla3,cla6,cla5,helix,helix,helix,99.6,110.7,81.6,2.4,33,12.6,-38.04,24,4.5,5.7,nonhotspot
 cla5,cla6,cla5,helix,helix,helix,97.3,110.7,81.6,20.8,37,17.3,-44.79,24,26.4,5.7,nonhotspot
 cla5,cla4,cla5,helix,loop,helix,110.7,97.3,140.8,3,35,30.5,-50.07,62,6.8,5.3,nonhotspot
 cla6,cla5,cla5,helix,loop,helix,126,67.1,109.3,5.8,40,59.6,-35.06,45,5.8,5.2,nonhotspot
 cla5,cla4,cla6,helix,loop,helix,67.1,126,140.8,8.6,24,18.5,-48.07,62,11.6,5.3,hotspot
 cla6,cla4,cla3,helix,loop,helix,93.2,96.4,103.6,21.4,18,8.6,-35.85,38,24,8.2,nonhotspot
 cla3,cla5,cla6,helix,loop,helix,96.4,93.2,109.3,6.7,30,47.6,-54.41,45,6,5.2,hotspot
 cla2,cla4,cla3,helix,loop,helix,52.3,96.4,140.8,0,30,4.2,-42.6,62,0,5.3,nonhotspot
 cla5,cla1,cla2,helix,loop,helix,73.4,90.3,72.3,40.7,27,30.5,-42.32,26,34,-5.2,hotspot
 cla2,cla5,cla5,helix,loop,helix,90.3,73.4,91.4,0.4,21,11.2,-48.25,30,0.2,6.2,nonhotspot
 cla5,cla5,cla3,helix,loop,helix,43,68,91.4,103.2,17,1.2,-37.26,30,71.5,6.2,nonhotspot
 cla5,cla3,cla6,loop,helix,loop,109.3,69.5,96.4,2.1,45,13.8,17.14,30,0.4,3.5,hotspot
 cla6,cla5,cla5,loop,helix,loop,69.5,109.3,106,40.7,22,23.9,-25.49,45,36.4,16.4,nonhotspot
 cla5,cla6,cla5,loop,helix,strand,133.2,67.2,55.7,10.3,35,37.5,103.98,13,9.6,6.8,nonhotspot
 cla3,cla2,cla4,loop,loop,loop,34.5,54.8,74.5,59.9,11,0,-129.49,21,59.6,4.5,nonhotspot
 cla4,cla2,cla3,loop,helix,loop,54.8,34.5,81.8,162.4,22,10.1,-51.82,25,165.4,1.7,nonhotspot
 cla6,cla2,cla4,loop,helix,loop,57.2,54.8,81.8,102,21,19.5,167.21,25,81.1,1.7,nonhotspot
 cla4,cla2,cla6,loop,helix,loop,75.6,57.2,95.2,33,43,27,87.33,31,18.9,-3.8,nonhotspot
 cla4,cla4,cla3,loop,loop,strand,33.7,55.9,63.7,94.6,8,2.7,135.19,29,79.9,-9.7,nonhotspot
 cla3,cla6,cla3,loop,helix,loop,63.2,49.8,71.9,45.7,17,16.2,-27.82,21,44.6,8.4,nonhotspot
 cla3,cla3,cla3,loop,loop,loop,59.5,65.3,64.3,3.8,29,31.9,160.97,27,3.9,-1.4,nonhotspot
 cla2,cla3,cla3,loop,loop,loop,83.3,59.5,64.3,2,36,5.6,157.52,27,1,-1.4,nonhotspot
 cla4,cla5,cla2,loop,helix,loop,140.8,83.3,110.7,5.1,62,64,12.3,35,4.3,15.6,hotspot
 cla2,cla3,cla4,loop,loop,loop,72.4,140.8,64.3,21.8,26,9.6,128.44,27,23.9,-1.4,nonhotspot
 cla6,cla4,cla5,strand,loop,strand,56.7,46,63.7,52.9,22,27.6,156.11,29,36.8,-9.7,nonhotspot
 cla5,cla3,cla6,strand,helix,strand,46,56.7,62,50.7,22,9.9,125.16,33,51.9,4.1,nonhotspot
 cla3,cla3,cla2,strand,helix,strand,86.3,56.4,99.6,0.2,29,14.6,137.02,33,2.1,9.2,nonhotspot
 cla6,cla6,cla6,helix,helix,helix,108.6,81.6,126,7.7,26,14.1,-24.56,40,10.2,17.2,nonhotspot
 cla6,cla5,cla6,helix,helix,helix,81.6,108.6,57.8,37.1,24,47.1,-13.98,19,25.6,-6.2,nonhotspot
 cla6,cla5,cla2,loop,helix,loop,84.4,82.1,106,3.5,27,18.4,84.89,45,2.5,16.4,nonhotspot
 cla2,cla3,cla6,loop,loop,loop,82.1,84.4,46.2,29.1,23,12.6,-39.83,20,32.4,-0.6,hotspot
 cla4,cla3,cla2,loop,loop,loop,69,82.1,46.2,104.2,26,12.7,-27.69,20,90.4,-0.6,nonhotspot
 cla5,cla5,cla4,loop,helix,loop,91.4,69,106,94.3,30,21.5,4.54,45,86.4,16.4,nonhotspot
 cla4,cla5,cla1,loop,helix,loop,143.3,72.3,106,0.5,60,43.2,-22.24,45,0.1,16.4,hotspot
 cla1,cla5,cla3,loop,helix,loop,69.6,75.7,73.4,30.3,21,32.3,111.81,27,32.8,-2.8,nonhotspot
 cla4,cla6,cla5,strand,helix,loop,82.3,85.7,126,9.6,27,3.4,130.71,40,11.9,17.2,nonhotspot
 cla5,cla4,cla4,loop,helix,strand,85.7,82.3,60.2,59,36,22,136.31,34,55.6,5.9,nonhotspot
 cla4,cla4,cla5,loop,helix,loop,103.6,85.7,60.2,19.8,38,98.9,19.48,34,19.4,5.9,nonhotspot
 cla3,cla6,cla4,loop,helix,loop,102.9,103.6,126,8.4,37,31.1,137.65,40,5.6,17.2,nonhotspot
 cla4,cla3,cla4,strand,loop,loop,43.6,97.7,72.3,47.1,23,15.1,110.66,36,57,-12.5,nonhotspot
 cla4,cla1,cla6,loop,loop,loop,97.7,65.7,71.2,0.6,47,32.1,150.65,31,1.2,-9.9,nonhotspot
 cla3,cla1,cla4,strand,loop,strand,42.5,99.2,71.2,0,17,9.7,119.72,31,0,-9.9,nonhotspot
 cla4,cla4,cla6,strand,loop,strand,99.2,44.9,85.4,2.8,34,20.1,108.23,42,6.3,-6.4,nonhotspot
 cla5,cla6,cla1,loop,loop,loop,97.4,80.2,110.5,27.1,25,23.7,143.3,28,31.6,11.6,nonhotspot
 cla6,cla4,cla4,strand,loop,strand,44.9,99.2,85.4,25.9,19,11.8,124.72,42,23.8,-6.4,nonhotspot
 cla4,cla2,cla4,strand,loop,strand,105.7,71.8,62.3,3.4,48,25.9,112.58,34,3.2,-12.5,nonhotspot
 cla6,cla4,cla4,strand,loop,strand,66.4,61.6,85.4,15.4,23,13.7,132.86,42,10.6,-6.4,nonhotspot
 cla3,cla2,cla6,loop,loop,loop,127.7,108.4,119.4,9.2,48,55.7,152.9,31,8.9,-6.1,hotspot
 cla6,cla5,cla3,loop,loop,loop,108.4,127.7,103.4,20.3,34,78.2,42.25,36,6.1,0.2,hotspot
 cla3,cla6,cla2,loop,loop,loop,102.6,68.5,79.6,37.5,51,80.8,133.31,28,30.3,9.5,nonhotspot
 cla5,cla3,cla4,strand,loop,strand,35.4,61.6,72.1,137.5,11,1.4,123.61,24,129.3,-2.8,nonhotspot
 cla2,cla2,cla3,strand,loop,loop,64.7,72.2,119.4,23.6,22,17.3,118.25,31,25.2,-6.1,nonhotspot
 cla5,cla4,cla6,helix,loop,loop,100.1,79.6,58,40.5,35,49.8,-34.19,39,41.4,-0.9,hotspot
 cla4,cla3,cla4,helix,loop,helix,46.5,75.9,72.2,81.1,21,13.6,-41.13,25,79.8,-1.5,nonhotspot
 cla4,cla3,cla4,helix,loop,helix,75.9,59.7,72.2,15.6,31,25.5,-24.96,25,23.9,-1.5,nonhotspot
 cla4,cla6,cla4,helix,loop,helix,59.7,75.9,108.4,6.4,18,3.2,18.12,34,8.6,5.00E-16,nonhotspot
 cla5,cla6,cla5,helix,strand,helix,132.3,68.2,82.7,34.3,39,59.6,-48.46,24,37.2,14.5,nonhotspot
 cla5,cla6,cla5,helix,loop,helix,68.2,132.3,81.4,117.6,24,30.9,-30.51,25,102.7,14.6,nonhotspot
 cla4,cla3,cla6,loop,loop,loop,50.5,48.6,102.6,95.7,13,10,22.37,51,84.8,0.3,nonhotspot
 cla4,cla6,cla2,loop,loop,strand,92.7,114.9,65.7,28.3,39,41.3,92.91,24,34.6,1.9,nonhotspot
 cla4,cla6,cla2,loop,strand,loop,85.4,62.3,44.9,83.8,42,41.4,151.86,19,84.6,-8.5,nonhotspot
 cla6,cla3,cla4,loop,loop,loop,79.6,36.2,102.6,31.4,28,32.6,113.62,51,27.9,0.3,nonhotspot
 cla4,cla6,cla1,strand,loop,strand,97.4,63.8,108.4,23.2,38,42.6,135.02,34,24.6,5.00E-16,nonhotspot
 cla3,cla6,cla3,strand,strand,strand,116.6,77,100.6,2,47,37,131.69,24,4.8,9.8,hotspot
 cla3,cla3,cla5,strand,loop,strand,98.1,88,86.1,4.8,36,40.8,156.29,34,6.2,7.3,nonhotspot
 cla3,cla3,cla5,strand,loop,strand,58.6,126.3,79,6.6,25,11.1,144.17,34,6.9,0.7,nonhotspot
 cla2,cla6,cla2,strand,strand,strand,33.7,48.6,116.9,79.1,14,0,77.8,33,67.4,1.7,nonhotspot
 cla6,cla4,cla5,strand,loop,strand,41,39.7,60.1,63.6,9,21.5,159.1,7,43,12.2,nonhotspot
 cla3,cla3,cla5,loop,loop,loop,71.5,61.3,120.7,99.1,24,8.8,-3.37,41,91.1,14.5,nonhotspot
 cla1,cla6,cla3,loop,helix,loop,60.1,71.5,90,73.7,19,6.3,-81.89,32,81.4,11.8,nonhotspot
 cla4,cla6,cla1,loop,helix,loop,62.8,60.1,90,55.4,22,0.6,54.05,32,51.4,11.8,nonhotspot
 cla5,cla3,cla4,helix,helix,helix,82.2,35.8,82.9,15.6,24,34.7,-41.93,26,17.8,-7.2,hotspot
 cla4,cla6,cla3,loop,helix,loop,78.3,47.1,127.5,28.4,24,1.6,57.03,42,19,6.3,hotspot
 cla5,cla6,cla4,loop,helix,loop,85.1,78.3,127.5,45.1,44,75.2,-32.52,42,26.5,6.3,hotspot
 cla6,cla2,cla5,loop,helix,loop,75.2,85.1,63.6,76.8,22,50,-3.84,22,42.8,4.3,nonhotspot
 cla6,cla6,cla3,strand,helix,loop,79.6,117.3,138,5.8,23,7.5,161.97,36,7.4,4.7,hotspot
 cla5,cla6,cla4,strand,helix,loop,89.9,53.2,138,0,22,1.9,149.14,36,0.1,4.7,hotspot
 cla4,cla6,cla6,loop,helix,loop,119.5,49.3,138,0.2,45,65.8,52.35,36,1.1,4.7,hotspot
 cla3,cla5,cla3,loop,loop,loop,123.5,90.4,100.4,62.2,42,48.8,0.29,37,58.5,5.4,hotspot
 cla6,cla5,cla2,helix,loop,helix,127.5,63.6,85.1,2,42,108.7,-40.67,44,2.9,7.6,hotspot
 cla6,cla5,cla4,helix,loop,helix,138,124.9,100.4,1.2,36,81.8,-45.13,37,3.1,5.4,hotspot
 cla3,cla5,cla1,helix,helix,helix,82.9,71.3,82.2,27.5,26,18.5,-11.52,24,20.1,3.2,nonhotspot
 cla6,cla5,cla4,helix,loop,helix,34.1,124.9,85.1,62.2,9,16.2,-34.76,44,52.9,7.6,nonhotspot
 cla3,cla3,cla4,helix,helix,loop,58.9,45.7,83.7,7.1,21,10.9,-38.33,22,9.2,6.4,nonhotspot
 cla4,cla3,cla3,loop,helix,helix,45.7,58.9,83.7,87.9,19,6,-3.86,22,72.8,6.4,nonhotspot
 cla3,cla3,cla3,loop,loop,loop,57.5,33.2,88.2,21.3,18,5.2,173.03,42,7.5,2.2,nonhotspot
 cla3,cla3,cla3,loop,loop,loop,33.2,57.5,88.2,105.4,17,0,-23.1,42,71.2,2.2,nonhotspot
 cla3,cla3,cla3,loop,loop,loop,50.4,33.2,88.2,33.8,21,8.4,164.98,42,35.9,2.2,nonhotspot
 cla6,cla5,cla3,helix,helix,loop,69.3,50.4,50.3,27.1,29,74.6,-44.14,13,24,0.2,nonhotspot
 cla2,cla3,cla1,helix,helix,helix,86.9,69,90.3,0.6,25,23.6,-48.83,23,0.5,-3.2,hotspot
 cla1,cla2,cla2,helix,strand,helix,69,86.9,119.1,22.6,22,53.8,-43.86,49,24.8,-7.3,hotspot
 cla1,cla2,cla3,helix,strand,helix,79.9,53,119.1,0,22,14.2,-39.34,49,0,-7.3,nonhotspot
 cla3,cla5,cla1,helix,loop,helix,53,79.9,92.4,28.1,14,19,-50.58,45,35.7,-1.3,nonhotspot
 cla6,cla5,cla1,helix,loop,helix,88.5,79.9,92.4,23.8,24,24.4,-42.64,45,19.6,-1.3,hotspot
 cla3,cla5,cla2,loop,helix,loop,70.1,47.9,121.1,34.1,25,2.8,-12.42,25,32.7,10.9,nonhotspot
 cla1,cla5,cla3,loop,helix,loop,82.4,70.1,121.1,0.6,26,26.7,-135.15,25,1.8,10.9,nonhotspot
 cla3,cla4,cla1,loop,loop,loop,123.1,82.4,88,0,41,42.8,-3.52,21,0,8.6,hotspot
 cla6,cla5,cla3,helix,helix,loop,85.1,123.1,121.1,30.8,29,35.7,-24.76,25,27,10.9,hotspot
 cla3,cla2,cla3,loop,strand,helix,103.6,106.2,119.1,72.6,50,51.1,66.32,49,61.2,-7.3,hotspot
 cla2,cla4,cla3,loop,loop,loop,63.2,103.6,83.9,41.1,18,4.5,160.15,36,21.3,-0.9,nonhotspot
 cla3,cla3,cla3,loop,loop,loop,70.8,51.5,111.4,28.5,26,37.3,-61.94,27,23.4,-0.8,nonhotspot
 cla5,cla3,cla3,loop,loop,strand,156.1,84.2,52.7,4,47,87.5,23.03,13,4.8,1.6,hotspot
 cla5,cla2,cla1,loop,strand,loop,98.4,94.6,68.6,10.4,45,81.2,80.96,42,12.3,-3.8,nonhotspot
 cla2,cla2,cla2,strand,loop,strand,34.5,70.2,55.4,43.9,17,50.1,126.35,41,32.5,-2.8,nonhotspot
 cla1,cla3,cla3,strand,loop,loop,46.3,70.8,111.4,33.6,13,24.2,111.26,27,32.4,-0.8,nonhotspot
 cla5,cla2,cla3,loop,loop,loop,49.5,76.7,29.8,101.3,26,32.2,59.42,17,94.3,-0.3,nonhotspot
 cla1,cla2,cla2,strand,loop,strand,89.8,73.1,62.7,0,28,56.8,-61.04,34,0,-8,hotspot
 cla4,cla4,cla1,strand,helix,strand,110.4,89.8,55,54.5,63,65.8,159.03,36,45.5,-10.6,hotspot
 cla5,cla5,cla6,helix,strand,helix,55.9,41,119.3,95.5,15,0,-12.35,39,91.6,13.6,nonhotspot
 cla4,cla6,cla5,loop,loop,strand,58.2,55.4,69.8,31.4,24,18.3,132.09,33,34.8,6.9,nonhotspot
 cla2,cla3,cla1,loop,loop,loop,65.4,37.6,44.2,34.7,29,35.9,144.84,17,41.1,-6.8,hotspot
 cla3,cla6,cla2,loop,strand,loop,142.7,65.4,72,9.4,60,93.4,78.54,22,9.4,-2.6,hotspot
 cla3,cla3,cla1,loop,loop,loop,44.2,46.4,142.7,46.9,17,17.7,-14.39,60,46,-2.6,nonhotspot
 cla3,cla3,cla1,loop,loop,loop,89.2,46.4,142.7,29.7,39,12.5,174.51,60,31.1,-2.6,nonhotspot
 cla4,cla3,cla1,loop,loop,loop,119.6,53.6,83.5,9,49,37.7,166.47,37,8.9,-2.9,hotspot
 cla6,cla4,cla1,loop,loop,loop,67.1,53.6,87.8,39.9,24,63.5,-2.14,25,13.1,5.1,hotspot
 cla4,cla4,cla3,loop,loop,strand,49.1,49.4,87.8,40.6,21,50.7,149.18,25,35.8,5.1,nonhotspot
 cla6,cla4,cla3,strand,loop,strand,43.2,49.4,87.8,19.8,14,41.7,133.95,25,19.9,5.1,nonhotspot
 cla6,cla3,cla5,strand,loop,strand,72,119.3,142.7,0,22,15.7,118.26,60,0,-2.6,hotspot
 cla5,cla5,cla6,strand,helix,strand,119.3,72,55.9,44.5,39,29.8,126.82,15,49.3,11.5,nonhotspot
 cla6,cla4,cla5,loop,loop,strand,69.8,119.3,58.2,43.1,33,45.7,41.87,24,32.5,11.5,hotspot
 cla3,cla1,cla6,loop,loop,loop,101.1,69.8,47.8,25.5,43,68.3,33.65,22,22.7,-4.8,hotspot
 cla6,cla5,cla2,loop,loop,loop,44.4,41.1,73.9,107.3,21,31.5,83.45,26,89.5,5.4,nonhotspot
 cla3,cla5,cla6,strand,loop,loop,86.5,44.4,73.9,66.6,42,47.5,135.08,26,46.2,5.4,nonhotspot
 cla2,cla3,cla3,loop,loop,strand,109.8,86.5,69.5,18.8,34,63.5,138.47,31,8.6,-2.8,nonhotspot
 cla6,cla5,cla2,loop,loop,loop,65.1,109.8,73.9,45.5,18,12.1,118.23,26,54.9,5.4,nonhotspot
 cla2,cla2,cla6,helix,strand,loop,66.1,65.1,69.7,6.2,38,62.1,-37.46,30,6.7,-15.7,hotspot
 cla2,cla3,cla2,helix,helix,helix,104.8,61.1,69.6,12,52,54.6,-32.15,32,15.7,-4.1,hotspot
 cla2,cla4,cla2,helix,strand,helix,61.1,104.8,37,21.6,23,45.6,-32.88,9,12.4,-5.4,hotspot
 cla4,cla3,cla5,helix,helix,helix,61.1,45.7,69.6,64.3,14,47.8,-45.31,32,51.6,-4.1,nonhotspot
 cla4,cla4,cla5,helix,helix,helix,76.1,55.7,114.5,41.9,19,0,-42.33,38,0,3.2,nonhotspot
 cla2,cla4,cla4,helix,helix,helix,90.2,58.9,114.5,0,27,0,-31.7,38,0,3.2,hotspot
 cla5,cla2,cla2,helix,loop,helix,73.4,42.3,85.3,63.8,22,0,-30.4,16,0,3.2,nonhotspot
 cla3,cla1,cla1,helix,loop,helix,63.2,73.8,43.8,24,13,27.2,25.74,6,29.8,1.1,nonhotspot
 cla6,cla2,cla5,helix,loop,helix,81.8,137.9,94.9,1.4,44,44.3,-56.31,27,1.4,-4.7,hotspot
 cla5,cla6,cla6,helix,strand,helix,137.9,81.8,57.6,5.4,47,82.8,-32.72,21,8.6,0.3,nonhotspot
 cla5,cla4,cla4,helix,helix,helix,114.5,84,108.8,3.2,41,44.2,-34.93,37,3.2,-0.2,hotspot
 cla4,cla4,cla1,helix,helix,helix,84.2,59.8,108.8,28.5,26,75.7,-15.56,37,9.8,-0.2,hotspot
 cla6,cla4,cla1,loop,helix,loop,49.9,56.1,61.4,81.1,18,40,117.71,19,65.5,3.8,nonhotspot
 cla6,cla4,cla1,strand,helix,loop,51.7,67.6,36.8,104.8,23,36.7,150.65,10,85.3,-0.6,nonhotspot
 cla4,cla4,cla6,strand,helix,strand,115.8,51.7,108.8,7.1,58,14.7,157.69,37,2.4,-0.2,hotspot
 cla4,cla1,cla4,loop,loop,loop,69.7,129.4,68.5,69.8,11,28.1,36.34,19,60.2,5.3,nonhotspot
 cla4,cla5,cla5,loop,loop,loop,91.5,99.9,101.5,20.2,26,63.3,-54.17,34,16.2,-3,hotspot
 cla3,cla1,cla1,loop,loop,loop,74.5,97.5,75.4,65.7,25,12.7,-3.11,18,69.6,-3.1,nonhotspot
 cla3,cla4,cla3,loop,helix,loop,88.3,92.8,85,14.4,29,8.4,104.21,28,14.3,2.4,nonhotspot
 cla6,cla3,cla3,strand,loop,loop,89.5,88.3,97.6,53.3,29,6.4,149.63,21,54.2,6.2,nonhotspot
 cla5,cla3,cla6,strand,loop,strand,79.8,89.5,97.6,74.7,27,47.9,137.27,21,57.6,6.2,nonhotspot
 cla5,cla2,cla3,strand,loop,strand,58,52.7,59,47.7,37,37.5,170.67,28,47.8,-0.2,nonhotspot
 cla3,cla4,cla2,loop,loop,loop,75.1,58.5,86.2,24.1,30,29.6,174.35,24,22.3,-1.1,nonhotspot
 cla4,cla3,cla3,loop,loop,loop,129.4,75.1,75.1,1.6,33,35.9,-33.48,21,4.3,10.1,nonhotspot
 cla3,cla3,cla1,loop,loop,loop,97.6,60.4,88.3,14.7,21,58.7,93.58,29,12.2,6.5,nonhotspot
 cla4,cla3,cla1,helix,loop,helix,85,49.2,88.3,9.8,28,43.9,-20.31,29,11.2,6.5,hotspot
 cla3,cla1,cla3,helix,loop,loop,90.7,68.8,74.1,54,30,19.3,-36.15,31,54.1,2.7,nonhotspot
 cla4,cla2,cla2,loop,loop,loop,86.2,33.7,58.5,22.6,24,39.9,-31.98,22,17.4,0.7,nonhotspot
 cla3,cla1,cla1,loop,loop,loop,68.8,75.4,116,6,37,17.9,-52.88,31,9.4,2.1,hotspot
 cla1,cla1,cla3,loop,loop,loop,75.4,68.8,97.5,19.8,18,62.7,116.33,33,22.4,1.9,hotspot
 cla5,cla4,cla1,loop,loop,loop,101.5,55.8,91.5,5.9,34,11.8,97.06,26,4.1,4.9,nonhotspot
 cla2,cla5,cla4,loop,strand,loop,59,81.6,58,99.8,28,27.2,-33.77,37,103,-2.6,nonhotspot
 cla4,cla1,cla4,helix,loop,helix,66.7,85,74.1,7.6,17,12.9,-39.78,31,5.5,2.7,hotspot
 cla6,cla4,cla6,loop,loop,loop,75.1,59.5,95.2,42.4,26,29.4,161.05,50,43,1.3,nonhotspot
 cla6,cla5,cla6,loop,strand,loop,59.5,75.1,79.2,32.7,28,23.2,115.51,21,25.8,9.6,nonhotspot
 cla3,cla5,cla6,loop,strand,loop,66.4,59.5,79.2,51.6,39,38.2,53.24,21,49.7,9.6,nonhotspot
 cla3,cla4,cla4,loop,strand,loop,53.9,117.2,85.9,2.2,22,29.4,24.46,33,1.9,-12.7,nonhotspot
 cla4,cla5,cla3,loop,strand,loop,117.2,53.9,73.6,2,60,42.7,-41.59,29,2.2,-5.6,hotspot
 cla3,cla6,cla4,loop,loop,loop,72.7,117.2,70.2,11.2,24,59.9,94.99,25,8.2,0.5,nonhotspot
 cla3,cla4,cla3,loop,strand,loop,53.3,72.7,85.9,15.4,25,75.7,-137.47,33,16.5,-12.7,nonhotspot
 cla4,cla4,cla3,loop,strand,loop,31.8,53.3,85.9,7.2,18,68.3,137.09,33,1.3,-12.7,nonhotspot
 cla3,cla6,cla1,loop,loop,loop,48.7,42.4,62.6,118.6,24,34.1,116.87,20,100.2,1.1,nonhotspot
 cla4,cla4,cla4,strand,strand,loop,101.7,69.2,85.9,0,37,12,165.38,33,0,-12.7,hotspot
 cla4,cla1,cla4,loop,loop,strand,69.2,101.7,113.1,35.8,38,13.3,-27.31,26,27.7,-2.1,hotspot
 cla6,cla5,cla4,loop,loop,loop,48.1,69.2,131.2,77.5,20,11.2,10.59,37,50.7,2.9,nonhotspot
 cla6,cla5,cla4,loop,loop,strand,48.9,101.7,131.2,59.5,15,17.6,136.11,37,50.3,2.9,nonhotspot
 cla3,cla4,cla3,strand,strand,strand,62.9,32.7,85.9,26.1,31,47,134.72,33,26.2,-12.7,nonhotspot
 cla5,cla1,cla1,strand,loop,loop,65.4,42.4,113.1,6.6,21,7.6,130.93,26,6.5,-2.1,nonhotspot
 cla3,cla3,cla1,loop,loop,loop,76.8,40.8,61.3,132.8,31,49.6,147.04,26,105.7,-0.5,nonhotspot
 cla5,cla4,cla4,strand,loop,strand,73.6,68.8,117.2,1.7,29,22.6,139.46,60,1.5,-4.7,hotspot
 cla3,cla1,cla1,strand,loop,loop,123.3,68.5,40.8,6,54,63.4,156.8,16,7.2,-5.1,hotspot
 cla1,cla5,cla1,loop,strand,loop,113.1,68.5,65.4,6.9,26,59.8,-45.96,21,7.5,-4.7,nonhotspot
 cla5,cla6,cla1,loop,loop,loop,131.2,113.1,48.1,24.5,37,63.7,-176.42,20,28.5,2.2,hotspot
 cla4,cla3,cla5,strand,loop,loop,85.9,131.2,53.3,0,33,90.3,73.95,25,0,-0.8,hotspot
 cla3,cla3,cla4,loop,loop,strand,68.4,85.9,72.7,22.7,30,19.1,171.67,24,25.1,-5.5,nonhotspot
 cla6,cla3,cla3,loop,loop,loop,70.2,68.4,72.7,94.8,25,44.8,177.81,24,87,-5.5,nonhotspot
 cla4,cla4,cla5,strand,loop,strand,68.8,73.6,117.2,33.3,33,21.6,147.17,60,38.7,-4.7,hotspot
 cla5,cla6,cla4,strand,loop,loop,39.5,95.2,75.1,16,20,9.5,145.5,26,19.9,6.7,nonhotspot
 cla5,cla3,cla3,strand,loop,loop,79.2,32.1,66.4,101.4,21,39.4,142.58,39,73.6,-3.2,nonhotspot
 cla4,cla2,cla4,loop,loop,loop,50.2,32.3,59.2,45.6,32,19.8,39.88,21,47.4,-5.3,nonhotspot
 cla3,cla4,cla2,loop,helix,loop,85.2,36.5,95.5,8.6,39,47.7,76.23,39,8.5,-7,nonhotspot
 cla3,cla1,cla3,strand,loop,loop,50.2,91.3,84.8,29.1,22,43.2,164.95,27,24.3,6.3,nonhotspot
 cla3,cla6,cla3,loop,loop,strand,91.3,50.2,62.4,30,44,37.3,53.37,29,32.7,1.9,nonhotspot
 cla3,cla4,cla3,strand,loop,loop,50.2,35,99.6,35.2,19,17.4,121.59,38,37.5,3.6,nonhotspot
 cla4,cla4,cla2,loop,helix,loop,88.1,36.5,95.5,39.7,51,28.8,111.68,39,33.8,-7,nonhotspot
 cla3,cla4,cla4,loop,helix,loop,53.8,88.1,95.5,37.5,20,45.4,-150.76,39,37,-7,nonhotspot
 cla3,cla5,cla1,loop,loop,loop,37.9,44.1,92.3,78.6,12,0,-26.05,24,68.6,5.4,nonhotspot
 cla3,cla5,cla1,loop,loop,loop,89.6,44.1,92.3,29.7,42,17.2,154.15,24,30.2,5.4,nonhotspot
 cla4,cla6,cla1,loop,loop,loop,79.4,51.2,73.1,12.8,32,30.2,164.83,34,16.8,1.6,nonhotspot
 cla5,cla1,cla6,loop,loop,loop,83.7,82.1,47.8,54.4,34,24.3,108.2,17,67.5,5.7,nonhotspot
 cla6,cla4,cla5,loop,helix,loop,82.1,83.7,71.1,31.2,34,58.7,58.1,24,19.8,2.7,hotspot
 cla3,cla6,cla6,loop,loop,loop,92.8,82.1,73.1,11.2,42,74.8,38.35,34,7.2,1.6,hotspot
 cla6,cla3,cla4,loop,loop,loop,62.4,99.6,91.3,34.9,29,31,110.26,44,14.9,0.1,nonhotspot
 cla4,cla3,cla6,loop,strand,loop,99.6,62.4,50.2,27.8,38,65.7,22.91,19,20.6,-3.4,nonhotspot
 cla3,cla6,cla1,strand,loop,loop,102.2,84.8,82.1,8.4,38,5.2,120.42,34,10.4,5.2,nonhotspot
 cla3,cla6,cla3,loop,loop,strand,122.5,102.2,82.1,4.4,42,53.2,152.32,34,5.6,5.2,nonhotspot
 cla5,cla3,cla1,loop,loop,loop,92.3,89.1,89.6,50.9,24,32.2,124.81,42,48,1.9,nonhotspot
 cla3,cla4,cla1,loop,loop,loop,72.4,89.1,79.4,33.3,27,33.3,173.84,32,30.8,-2.4,nonhotspot
 cla6,cla3,cla3,loop,loop,loop,73.1,72.4,92.8,34.6,34,39.9,78.17,42,29.8,4.9,nonhotspot
 cla1,cla3,cla6,helix,loop,loop,87,73.1,92.8,3.6,19,11.6,-30.15,42,5,4.9,nonhotspot
 cla4,cla2,cla1,helix,loop,helix,95.5,87,36.5,0.4,39,84.9,-29.27,16,0.4,-7.7,hotspot
 cla2,cla3,cla5,loop,loop,loop,71.1,68.3,85.2,5.7,27,15.9,-8.05,39,4.4,-11.1,nonhotspot
 cla5,cla3,cla2,loop,loop,loop,68.3,71.1,53.8,66.9,30,28.1,132.89,20,55.8,0.6,nonhotspot
 cla2,cla4,cla3,loop,loop,loop,59.2,45.5,50.2,64.9,21,18.6,360,32,58,-9.3,nonhotspot
 cla5,cla3,cla3,loop,loop,strand,161.2,101.7,74.1,0,40,101.1,39.06,19,0.6,-0.9,hotspot
 cla4,cla4,cla5,loop,loop,loop,71.9,62,110.6,25.1,32,10.4,17.53,26,27.3,10.7,nonhotspot
 cla3,cla3,cla4,strand,loop,loop,126.9,52.9,70.7,0,52,37.5,114.76,28,1,0.7,hotspot
 cla5,cla3,cla3,loop,strand,strand,88.2,126.9,52.9,32.3,45,58.9,51.25,31,22.6,-6.7,nonhotspot
 cla4,cla3,cla4,loop,loop,loop,44.6,41.6,102.2,13.4,37,10.8,-38.2,52,12.8,-10,nonhotspot
 cla5,cla3,cla4,loop,loop,loop,38.6,41.6,64,83.7,23,33.7,99.54,32,80.9,-3.9,nonhotspot
 cla2,cla3,cla4,loop,loop,loop,92.3,41.6,64,6.8,25,41.8,-39.57,32,7,-3.9,nonhotspot
 cla3,cla4,cla4,helix,strand,helix,41.1,81.2,81.5,36.3,11,15.8,-60.84,18,40.3,7,nonhotspot
 cla4,cla4,cla3,helix,strand,helix,81.2,41.1,81.5,28.9,21,41.7,-52.68,18,25.3,7,nonhotspot
 cla5,cla4,cla5,helix,loop,helix,120.2,101.3,110.6,0,31,31.6,-31.91,26,0,10.7,hotspot
 cla5,cla3,cla5,helix,loop,helix,101.3,120.2,104.4,17.6,33,44.2,-46.16,50,17.8,-7.4,hotspot
 cla3,cla3,cla1,loop,strand,loop,105.6,76.5,52.9,0,37,29.7,15.58,31,0.3,-6.7,nonhotspot
 cla6,cla3,cla3,loop,loop,loop,100.1,105.6,102.2,0.2,35,82.5,57.55,52,0.7,-10,nonhotspot
 cla3,cla5,cla3,loop,loop,loop,64,52.4,38.6,8.5,32,51.4,-24.92,23,6.2,-2.3,nonhotspot
 cla6,cla5,cla3,loop,helix,loop,70.2,64,101.3,20,24,31.1,139.37,33,23.3,-1.7,hotspot
 cla3,cla5,cla6,loop,helix,loop,104.4,70.2,101.3,0,50,42.2,122.54,33,0,-1.7,hotspot
 cla3,cla5,cla3,strand,loop,strand,52.9,69.2,88.2,0,31,20.6,176.06,45,0,-6.5,hotspot
 cla3,cla6,cla3,loop,loop,strand,102.2,68.4,100.1,38.7,52,50.6,137.54,35,39.8,-4,hotspot
 cla3,cla1,cla3,strand,loop,strand,69.2,52.9,49,58.7,36,39.3,146.31,17,56.6,3,nonhotspot
 cla4,cla5,cla1,loop,helix,loop,110.6,86.3,120.2,12.2,26,47,-15.24,31,8.4,2.5,hotspot
 cla4,cla1,cla4,loop,loop,loop,85.7,110.6,115.5,0,21,28.1,72.32,24,0,15.2,hotspot
 cla3,cla4,cla5,loop,helix,strand,100.8,39.6,81.2,6.6,38,37.9,-72.15,21,8.6,8,hotspot
 cla4,cla4,cla5,strand,helix,strand,81.5,39.6,81.2,41.3,18,50.4,102.1,21,42.2,8,nonhotspot
 cla3,cla5,cla3,loop,loop,loop,55.9,70.7,88.2,2.4,28,43.4,120.7,45,1.7,-6.5,hotspot
 cla3,cla1,cla4,loop,loop,helix,42.5,81.2,82.1,44.1,9,5.5,92.7,21,22.5,4.3,nonhotspot
 cla4,cla6,cla1,loop,loop,loop,65.7,97.6,90.2,40.3,12,19.6,148.34,37,47.2,8.1,nonhotspot
 cla4,cla1,cla6,strand,loop,strand,88.2,79.3,104.7,26.1,28,26.3,127.58,29,30.4,12.4,nonhotspot
 cla5,cla6,cla6,strand,loop,strand,93.7,79.3,107.6,0.2,26,15.3,165.34,29,0.8,15.8,nonhotspot
 cla4,cla1,cla4,loop,loop,loop,36.3,107.1,56.9,97.9,12,2.9,6.12,12,84.3,2.4,nonhotspot
 cla4,cla4,cla4,loop,loop,loop,107.1,36.3,113.8,77,30,12.3,16.54,36,77.4,15.9,nonhotspot
 cla5,cla4,cla2,strand,loop,loop,126.5,75.9,113.8,27.8,33,51.4,118.77,36,24.7,15.9,nonhotspot
 cla4,cla1,cla1,strand,loop,loop,118.9,97.6,89.8,18.6,31,67.6,79.82,27,21.4,-5.9,nonhotspot
 cla3,cla5,cla1,loop,loop,loop,109.2,97.6,55.6,9,40,86.5,-4.89,19,6,3.7,nonhotspot
 cla2,cla6,cla2,strand,loop,strand,73.1,131.2,71.7,3.2,24,5.6,153.81,22,5.1,4.9,nonhotspot
 cla3,cla2,cla2,strand,helix,strand,67.5,73.1,104.5,33.8,23,23.2,133.71,25,30.7,-0.4,nonhotspot
 cla4,cla3,cla5,loop,loop,strand,58.1,93.1,77.8,40.7,12,21.9,-53.79,27,37.8,8.6,nonhotspot
 cla5,cla6,cla3,helix,loop,helix,101.4,67,71.7,56.4,39,23.5,-26.05,22,63.9,4.9,nonhotspot
 cla3,cla2,cla5,helix,loop,helix,67,101.4,51.6,40.1,25,50.8,-36.32,31,32.9,-4.5,nonhotspot
 cla6,cla3,cla4,helix,loop,helix,96.5,81.2,60.1,55.8,28,35.3,-3.28,19,41.2,-0.2,nonhotspot
 cla4,cla2,cla6,helix,loop,helix,70,96.5,51.6,92.6,22,23.6,0.44,31,93.2,-4.5,nonhotspot
 cla6,cla6,cla4,strand,loop,strand,79.3,88.2,107.6,12,26,1.4,88.47,29,13.9,15.8,nonhotspot
 cla6,cla3,cla1,loop,loop,loop,120.1,97.7,86.9,9.5,46,112.1,16.62,19,5.8,0.8,nonhotspot
 cla5,cla6,cla6,loop,loop,strand,71.6,75.3,98.8,2.4,23,16.2,21.24,43,0.1,-4.4,hotspot
 cla2,cla6,cla1,loop,loop,loop,132,73.9,98.8,14.8,58,82.5,145.53,43,16.1,-4.4,hotspot
 cla3,cla6,cla2,loop,loop,loop,83.1,132,98.8,22.7,33,13.4,155.63,43,20.2,-4.4,nonhotspot
 cla6,cla5,cla1,loop,loop,loop,98.8,116.3,71.6,11.5,43,70.4,139.23,23,8,1.6,nonhotspot
 cla3,cla1,cla6,loop,loop,loop,143,98.8,73.9,7,55,82.3,64.15,22,7.3,3.8,nonhotspot
 cla3,cla6,cla3,loop,loop,helix,86.9,95.6,120.1,4.3,19,26.5,37.84,46,2.5,0.3,nonhotspot
 cla5,cla6,cla3,strand,loop,strand,57.8,68.1,120.1,3.3,13,0,122.48,46,3.5,0.3,nonhotspot
 cla3,cla6,cla5,strand,loop,strand,68.1,57.8,120.1,0.9,25,5.1,171.49,46,0,0.3,nonhotspot
 cla5,cla6,cla1,strand,loop,strand,78.4,59,120.1,7.8,18,6.6,147.66,46,8,0.3,nonhotspot
 cla6,cla3,cla1,strand,loop,loop,108.1,65.1,69.2,5.9,42,59.5,140.88,21,7.3,6.7,hotspot
 cla3,cla4,cla5,loop,strand,loop,55.1,41.1,67.8,78.3,50,33.6,-20.03,35,72,-2.2,nonhotspot
 cla5,cla5,cla2,strand,loop,strand,50.6,75.9,102.7,108.5,9,2.1,110.11,28,100,18.2,nonhotspot
 cla3,cla2,cla4,strand,strand,loop,47.2,41.9,83.3,34.4,15,65.1,122.87,30,33,1,nonhotspot
 cla4,cla2,cla3,loop,strand,strand,41.9,47.2,83.3,0.4,9,109.5,33.04,30,1.1,1,nonhotspot
 cla5,cla3,cla3,strand,strand,strand,96.7,47.2,57.3,15.2,28,63.1,112.05,17,12.5,-1.8,hotspot
 cla2,cla5,cla5,strand,loop,strand,75.9,50.6,102.7,5.2,16,20.1,133.49,28,4.6,18.2,nonhotspot
 cla6,cla5,cla5,strand,loop,strand,51.6,50.6,102.7,58.3,11,11,158.15,28,49.2,18.2,nonhotspot
 cla4,cla2,cla5,strand,helix,strand,65.9,69,113.9,2.8,25,31.9,147.25,54,9.4,-1.5,nonhotspot
 cla5,cla5,cla3,loop,loop,strand,49.7,62.7,107.9,101.2,22,17.5,-29.9,44,93.7,0.5,nonhotspot
 cla3,cla2,cla5,loop,strand,loop,66.8,49.7,55.1,79.1,26,23.1,12.72,17,63.2,5.3,nonhotspot
 cla6,cla5,cla1,loop,loop,loop,83.3,64.9,107.9,93.1,30,49.8,155.64,44,67.5,0.5,nonhotspot
 cla4,cla2,cla6,loop,helix,loop,142.6,83.3,113.9,31.2,64,22.4,137.67,54,23.2,-1.5,nonhotspot
 cla5,cla6,cla4,strand,helix,loop,108.2,142.6,55.7,41.1,34,24,133.42,16,52,3.4,nonhotspot
 cla3,cla1,cla5,strand,loop,strand,96.5,108.2,70.4,14.1,33,26.5,144.87,21,4.2,-5.5,nonhotspot
 cla5,cla6,cla3,strand,strand,strand,113,96.5,91.1,10.6,36,14,162.47,26,14.9,11.7,nonhotspot
 cla2,cla4,cla3,strand,loop,strand,79.2,66.4,82.5,25,53,62.5,121.49,25,6.6,5.7,nonhotspot
 cla6,cla1,cla2,strand,loop,strand,103.4,75.9,68.4,7.8,26,42.1,117.34,24,5.2,15,hotspot
 cla6,cla5,cla6,helix,helix,helix,78.4,59.2,117.3,25.5,17,70.5,-27.5,19,22,20.7,nonhotspot
 cla2,cla3,cla3,strand,loop,strand,51.9,73.8,79.6,0.4,32,38.9,145.51,36,0.9,-1.8,nonhotspot
 cla3,cla6,cla2,strand,helix,strand,84.5,41.9,78.3,2.3,39,79.9,172.41,25,1.9,-0.4,nonhotspot
 cla4,cla3,cla1,loop,helix,loop,107.6,50.9,76,11.9,23,55,123.05,23,13.6,-5.6,nonhotspot
 cla6,cla5,cla3,loop,strand,loop,44.5,72.2,88.9,69.9,12,10.8,137.33,25,64.4,10.5,nonhotspot
 cla5,cla2,cla6,strand,strand,loop,62.3,93.6,82.7,104,34,29.8,152.45,57,102.6,-2.7,nonhotspot
 cla3,cla2,cla5,strand,strand,strand,34.4,62.3,82.7,0,15,22.8,177.06,57,0,-2.7,nonhotspot
 cla2,cla2,cla3,strand,strand,strand,50.6,34.4,83.3,8.1,20,91.7,-6.53,30,7.5,1,nonhotspot
 cla5,cla3,cla2,strand,loop,strand,67.1,50.6,79.5,64.7,29,48.6,143.06,23,44.3,-4.1,nonhotspot
 cla2,cla3,cla3,strand,loop,strand,62,34.4,79.5,45,32,14.3,139.5,23,31.1,-4.1,nonhotspot
 cla3,cla2,cla6,loop,loop,loop,51.2,80.9,61.9,54.8,17,23.6,163.98,15,47.2,-0.3,nonhotspot
 cla1,cla2,cla2,loop,helix,loop,96.2,68.6,95.2,3.7,30,48.1,139,27,0,-3.4,nonhotspot
 cla6,cla5,cla1,strand,loop,loop,53.4,96.2,45.1,56.5,24,19.2,144.38,12,48.3,-0.8,nonhotspot
 cla2,cla4,cla2,helix,loop,helix,95.2,62.3,73.1,18.5,27,73.2,-41.68,47,21.3,-6.2,nonhotspot
 cla5,cla6,cla6,strand,loop,strand,88.9,62.5,93.6,42.8,25,40.9,119.87,23,47.3,11.6,nonhotspot
 cla4,cla4,cla6,strand,loop,strand,85.3,62.5,107.6,8.6,32,52,-178.29,23,10.9,7.1,nonhotspot
 cla2,cla3,cla3,strand,strand,strand,83.3,57.3,47.2,8.4,30,52.6,138.86,15,7.5,3,nonhotspot
 cla2,cla5,cla3,strand,strand,strand,82.7,57.3,62.3,6.7,57,65.5,117.66,34,4.6,3.9,nonhotspot
 cla2,cla5,cla3,loop,strand,loop,34.1,79.5,67.1,92.8,26,0,154.91,29,94.7,-1.6,nonhotspot
 cla6,cla5,cla2,strand,strand,strand,91.1,70.7,113,17.1,26,44.7,176.01,36,18.4,17.4,nonhotspot
 cla5,cla6,cla1,loop,strand,loop,102.7,68.4,51.6,69,28,54.9,-35.08,11,72.5,10.2,nonhotspot
 cla4,cla2,cla4,helix,strand,loop,61.6,82.5,79.2,48.3,21,25.5,26.13,53,56.2,-4,nonhotspot
 cla1,cla2,cla4,loop,strand,loop,70.4,82.5,79.2,19.2,21,78.4,-13.95,53,19.3,-4,nonhotspot
 cla4,cla2,cla1,loop,strand,loop,82.5,70.4,79.2,37.4,25,27.6,96.39,53,32.6,-4,nonhotspot
 cla6,cla5,cla4,helix,strand,loop,55.7,82.5,108.2,95.4,16,39.4,41.91,34,86,17.1,nonhotspot
 cla2,cla4,cla6,helix,helix,helix,67.9,103.4,115.4,26.5,39,15.1,-34.07,46,7.4,2.3,nonhotspot
 cla2,cla1,cla2,helix,helix,helix,65.7,90.8,91.5,0.8,46,28.4,-52.74,28,0.5,-12.1,nonhotspot
 cla2,cla3,cla1,helix,helix,helix,80.7,58.7,92.6,1.2,52,24.1,-60.72,33,0.7,-4.2,hotspot
 cla5,cla3,cla5,helix,helix,helix,109.8,78.7,98.6,67.1,41,57,-38.1,41,67.5,3.1,nonhotspot
 cla4,cla3,cla5,helix,helix,helix,130.1,109.8,98.6,2.3,71,85.3,-62.75,41,1.4,3.1,hotspot
 cla5,cla6,cla4,helix,loop,helix,129.8,99.9,75.2,37.9,38,74.5,-51.25,36,18.7,4.9,nonhotspot
 cla1,cla3,cla3,helix,helix,helix,79.3,92.6,84.3,0.2,27,90.1,-42.12,35,0.1,-8.5,hotspot
 cla5,cla6,cla1,helix,helix,helix,111.3,91.2,73.6,34.6,44,43.4,-33.69,28,34,8.4,nonhotspot
 cla2,cla2,cla1,helix,loop,helix,103.7,79.5,54.8,8,36,75.4,-40.01,27,9.3,-12.5,hotspot
 cla1,cla6,cla2,helix,helix,helix,84.1,103.7,73.6,35.6,29,19.2,-53.43,28,25.6,8.4,nonhotspot
 cla5,cla6,cla1,helix,helix,helix,92.1,84.1,73.6,25.7,44,68.8,-57.16,28,18.4,8.4,hotspot
 cla2,cla3,cla5,helix,helix,helix,107.6,92.1,61.7,9.7,40,86.6,-40.03,31,6.2,-4.7,hotspot
 cla1,cla2,cla4,loop,loop,loop,74.6,58,90.2,0,29,98.5,5.26,34,0,-12.4,nonhotspot
 cla2,cla2,cla2,strand,loop,strand,39.4,76.4,79,10.9,16,18.7,167.47,58,10.9,-12.3,nonhotspot
 cla1,cla4,cla2,strand,helix,strand,82,59.4,88.6,0.3,16,20.5,127.36,47,0,-3.5,nonhotspot
 cla6,cla3,cla2,loop,helix,loop,71.8,83.4,111.2,12.9,15,6,167.77,46,0.8,-10.7,nonhotspot
 cla2,cla3,cla3,loop,helix,loop,83.4,60.7,111.2,1.6,31,23.6,13.93,46,0.8,-10.7,nonhotspot
 cla3,cla5,cla2,loop,loop,loop,60.7,83.4,85.8,50.7,23,17.7,-18.81,32,28.8,5.4,nonhotspot
 cla6,cla6,cla3,loop,loop,loop,44.9,60.7,91.9,110.7,16,1.8,167.12,31,101.9,2.8,nonhotspot
 cla4,cla6,cla6,loop,loop,loop,53.4,44.9,91.9,78.9,27,40.2,149.62,31,55.1,2.8,hotspot
 cla6,cla4,cla4,loop,helix,strand,88.3,43.3,88.6,17.3,32,12.2,138.46,47,0.1,-3.5,nonhotspot
 cla3,cla2,cla4,loop,loop,strand,51.9,43.3,79,33.3,18,51.3,150.53,58,20,-12.3,nonhotspot
 cla2,cla5,cla2,loop,loop,loop,84.5,80.3,85.8,7.9,28,9.1,-3.86,32,4.1,5.4,nonhotspot
 cla2,cla5,cla1,loop,loop,loop,48.4,50.4,85.8,9.8,23,30.2,26.67,32,10.7,5.4,nonhotspot
 cla1,cla1,cla2,loop,loop,loop,65.5,90.2,74.6,51,13,33.2,140.02,29,16.6,-11.7,nonhotspot
 cla2,cla1,cla1,loop,loop,loop,90.2,65.5,74.6,17.9,34,65.4,-34.82,29,14.9,-11.7,hotspot
 cla6,cla2,cla5,loop,loop,loop,57.1,85.8,84.5,30.6,16,10.4,119.05,28,26,-2.1,nonhotspot
 cla5,cla2,cla1,loop,loop,loop,85.8,72.5,80.3,73.9,32,57.5,24.54,23,74.8,6.3,nonhotspot
 cla1,cla2,cla5,loop,loop,loop,72.5,85.8,83.4,9.9,31,17.9,147.77,31,5.3,-3.5,nonhotspot
 cla6,cla4,cla1,loop,loop,loop,91.9,72.5,53.4,18,31,62.9,131.31,27,14,5.1,nonhotspot
 cla4,cla4,cla3,helix,loop,helix,88.6,111.2,53.4,46.7,47,42.3,-23.85,27,41,5.1,hotspot
 cla3,cla2,cla4,helix,loop,helix,111.2,88.6,83.4,0,46,47.8,6.99,31,0,-3.5,hotspot
 cla4,cla3,cla2,loop,loop,loop,36.2,79,51.9,114.6,25,6.3,-17.18,18,94.5,-8.5,nonhotspot
 cla2,cla3,cla4,loop,loop,loop,79,36.2,51.9,25.5,58,46,16.37,18,14.9,-8.5,hotspot
 cla1,cla4,cla2,loop,loop,loop,56.5,79,58,53.1,15,9.9,-88.1,15,28.3,-6.6,nonhotspot
 cla2,cla2,cla6,loop,loop,loop,48.5,87,114.6,83.7,18,5.8,127.99,53,80.8,8.8,nonhotspot
 cla2,cla2,cla2,strand,strand,strand,64.8,75.1,91.1,11.2,37,9.8,126.1,34,11.2,-11.3,nonhotspot
 cla5,cla6,cla3,loop,strand,loop,66.9,40.8,71.5,81.4,17,0,-35.93,27,70.6,4.8,nonhotspot
 cla2,cla6,cla4,loop,strand,loop,67,95.6,71.5,20,20,45.3,168.9,27,28.4,4.8,nonhotspot
 cla4,cla3,cla2,loop,strand,loop,95.6,67,58.5,10,30,73.6,105.74,24,10.9,0.2,nonhotspot
 cla6,cla1,cla4,strand,loop,loop,53.3,95.6,61,74.2,15,3.5,160.15,11,64.3,0.4,nonhotspot
 cla2,cla2,cla2,strand,strand,strand,75.1,64.8,91.1,16.2,24,13.2,138.4,34,14.6,-11.3,nonhotspot
 cla5,cla2,cla6,strand,strand,loop,84.8,79.2,91.1,1,26,7.3,110.71,34,1.3,-11.3,hotspot
 cla3,cla6,cla5,loop,loop,loop,75.9,81.5,54.3,47.5,22,22.4,-33.15,19,50.2,8.9,nonhotspot
 cla5,cla6,cla3,loop,loop,loop,81.5,75.9,54.3,100,21,15.7,140.59,19,102.9,8.9,nonhotspot
 cla3,cla6,cla5,loop,strand,loop,138.3,81.5,75.3,8.6,53,44.8,102.67,36,8.5,7.1,hotspot
 cla6,cla4,cla5,loop,helix,strand,79.2,74.8,91.3,2.1,24,0,154.33,29,0.1,5.6,hotspot
 cla5,cla4,cla6,strand,helix,loop,74.8,79.2,91.3,42.1,29,27.1,135.46,29,37.9,5.6,nonhotspot
 cla2,cla4,cla5,strand,helix,strand,92.3,74.8,91.3,4.2,24,33.3,130.89,29,0.6,5.6,nonhotspot
 cla3,cla2,cla2,loop,loop,strand,41.3,75.1,68.8,58.9,11,33.5,144.74,32,58.6,-4.2,nonhotspot
 cla5,cla1,cla3,loop,loop,loop,48.2,41.3,53.2,93.6,10,33.2,152.61,25,88.8,2.2,nonhotspot
 cla2,cla4,cla3,loop,strand,loop,39.4,24.5,54.9,49.1,22,50.9,19.99,28,29.9,-12.8,hotspot
 cla3,cla1,cla2,loop,loop,loop,93.1,70.3,49.4,0.2,42,55.1,44.39,23,0.6,-6,hotspot
 cla3,cla2,cla3,helix,loop,loop,55.4,93.1,52.8,26.2,16,27.4,-15.87,23,19.9,-3.9,nonhotspot
 cla2,cla2,cla3,loop,strand,loop,60.4,35.4,70.1,2.4,32,6.4,163.3,33,0.4,-10.7,hotspot
 cla1,cla3,cla2,loop,loop,strand,49.4,70.1,93.1,4.7,23,0,-172.49,42,3,-14.3,nonhotspot
 cla2,cla3,cla1,loop,helix,loop,52.8,49.4,55.4,99,23,9.3,-18.62,16,101.6,-4.1,nonhotspot
 cla2,cla3,cla2,loop,helix,loop,64.4,52.8,41.7,91.7,25,29.6,-55.78,24,96.4,-2.8,nonhotspot
 cla3,cla4,cla2,loop,helix,loop,53.2,64.4,67.2,21.3,27,67.4,-170.47,31,23.4,-9.7,nonhotspot
 cla4,cla2,cla3,strand,loop,loop,54.9,53.2,39.4,18.9,28,54.5,139.53,22,14.4,-10.3,hotspot
 cla1,cla3,cla6,loop,loop,loop,89.6,45.3,52.8,11.4,41,53.5,-18.06,29,7.1,1.4,nonhotspot
 cla4,cla5,cla6,loop,helix,loop,81.5,49,88.4,9.8,62,71.9,-13.69,27,0,1.2,hotspot
 cla2,cla4,cla2,loop,helix,loop,112.5,50.6,109,10.1,52,38.5,131.01,29,10.2,-4.7,nonhotspot
 cla2,cla4,cla2,loop,helix,loop,81.3,112.5,109,0,35,38.8,169.43,29,10.5,-4.7,nonhotspot
 cla5,cla5,cla2,strand,loop,strand,50.6,75.9,102.7,88.5,11,13.2,106.92,24,47.2,18.2,nonhotspot
 cla3,cla2,cla4,strand,strand,loop,56.2,82,74.1,32.3,17,29.9,121.36,26,11.8,0.7,nonhotspot
 cla4,cla2,cla3,loop,strand,strand,82,56.2,74.1,1.4,24,0.8,40.38,26,107.1,0.7,nonhotspot
 cla5,cla3,cla3,strand,strand,strand,113.9,56.2,48.1,11,27,25.9,116.71,19,54.5,-2.1,hotspot
 cla2,cla5,cla5,strand,loop,strand,75.9,50.6,102.7,7.4,17,50.6,132.1,24,65.5,18.2,nonhotspot
 cla6,cla5,cla5,strand,loop,strand,51.6,50.6,102.7,53.5,10,13.3,146.2,24,7.6,18.2,nonhotspot
 cla4,cla2,cla5,strand,helix,strand,65.9,94.2,132.3,2.4,29,2.2,133.6,55,88.3,6.8,nonhotspot
 cla5,cla5,cla3,loop,loop,strand,39.6,70.8,103,112.2,14,36.2,-45.16,41,29.1,2.3,nonhotspot
 cla3,cla2,cla5,loop,strand,loop,66.8,39.6,43.8,75.4,26,10.4,-7.12,16,1,2.3,nonhotspot
 cla6,cla5,cla1,loop,loop,loop,89.5,50.3,103,86.9,36,44.2,160.37,41,7.6,2.3,nonhotspot
 cla3,cla1,cla5,strand,loop,strand,96.5,84.6,64.2,20.3,30,14.5,139.28,20,20.4,-3.2,nonhotspot
 cla5,cla6,cla3,strand,strand,strand,88.8,96.5,107.3,18.8,22,57,153.13,32,16.1,12.9,nonhotspot
 cla2,cla1,cla3,strand,loop,strand,86,41.6,64.2,39,45,45.2,115.2,20,6.6,-3.2,nonhotspot
 cla6,cla1,cla2,strand,loop,loop,102.8,54.5,73.9,9.2,32,38.5,127.7,23,2.4,14,hotspot
 cla3,cla6,cla2,strand,helix,strand,100.2,34.8,72.9,3.1,45,25.8,170.58,23,7.8,3,nonhotspot
 cla6,cla5,cla3,loop,strand,loop,44.5,64.2,88.9,70.3,12,3.9,146.28,30,61,7.7,nonhotspot
 cla2,cla3,cla3,strand,strand,strand,86.5,46,48.1,7.8,27,33.5,-7.64,19,5.2,-2.1,nonhotspot
 cla5,cla3,cla2,strand,loop,strand,80.1,50.4,79.5,70.5,28,31.6,139.81,22,53.3,-4.1,nonhotspot
 cla2,cla3,cla5,strand,loop,strand,50.4,53.4,79.5,39.5,35,20.6,136.98,22,38.4,-4.1,nonhotspot
 cla3,cla3,cla6,loop,helix,loop,72.1,97,62.5,22.6,20,53.1,177.86,25,19.8,-5.3,nonhotspot
 cla1,cla2,cla4,loop,helix,loop,41.1,49.4,98.6,31.7,14,33.2,154.27,48,8.9,-2,nonhotspot
 cla5,cla6,cla2,loop,loop,loop,102.2,78.5,54.7,73.9,31,52.4,12.87,24,36.9,4.2,nonhotspot
 cla6,cla4,cla2,loop,loop,loop,104.6,81.8,37.9,40.7,41,56.1,126.92,20,76.4,1.2,nonhotspot
 cla6,cla4,cla2,loop,loop,loop,104.6,81.8,37.9,40.7,41,43.6,126.92,20,0,1.2,nonhotspot
 cla4,cla3,cla1,helix,loop,helix,88.5,86.2,95.9,0,40,52.4,-50.05,45,36.9,-7.6,nonhotspot
 cla4,cla5,cla1,helix,strand,loop,55.7,94.5,71.6,87.4,13,36.8,20.35,26,84.3,-0.5,nonhotspot
 cla3,cla4,cla3,strand,loop,strand,65.2,87.3,91.6,19.6,30,60.3,126.91,24,0,7,nonhotspot
 cla1,cla4,cla2,strand,helix,strand,59.1,55.6,128.1,38,10,40.8,360,37,0,0.8,hotspot
 cla6,cla5,cla6,loop,helix,loop,80.4,53.4,69.1,20.6,38,60.6,-140.04,23,21.5,8.2,hotspot
 cla2,cla2,cla6,loop,helix,loop,73.5,80.4,94.9,35.9,26,35.6,-156.25,28,34.4,2,hotspot
 cla2,cla1,cla2,helix,strand,loop,74.2,62.8,61.4,36.5,32,40,38.34,25,73,-6.4,hotspot
 cla2,cla1,cla2,loop,strand,helix,62.8,74.2,61.4,6.9,27,53.4,129.96,25,7.8,-6.4,hotspot
 cla2,cla1,cla2,loop,strand,loop,34.9,62.8,61.4,13.8,15,43.8,360,25,149.1,-6.4,hotspot
 cla5,cla3,cla3,strand,strand,strand,111.8,64.6,85.1,48,29,38.4,144.84,23,41.2,-2.4,nonhotspot
 cla6,cla1,cla2,strand,loop,strand,86.1,85.2,94.7,24.5,18,48.2,145.64,23,22.1,-1.3,hotspot
 cla4,cla3,cla2,strand,strand,strand,118.9,85.2,85.1,1.8,49,51.7,127.78,23,2.5,-2.4,hotspot
 cla3,cla3,cla3,strand,strand,strand,125.1,64.6,93.4,3.4,44,50.8,138.08,35,3.6,-9.1,hotspot
 cla3,cla6,cla3,strand,strand,strand,114.5,72.7,61.7,18.6,51,50.4,120.96,35,16.7,-8.6,nonhotspot
 cla6,cla3,cla2,loop,loop,strand,51.4,64.4,120.4,101.8,12,19.4,1.31,44,84.8,0.3,hotspot
 cla5,cla3,cla3,strand,loop,strand,103.4,55.9,120.4,17,45,42,136.57,44,21.1,0.3,hotspot
 cla4,cla5,cla6,loop,helix,loop,44.8,67.7,72.5,94.7,11,1.2,-20.97,17,86.6,11.7,nonhotspot
 cla5,cla4,cla4,loop,loop,loop,120.5,52,79,42.8,33,47.2,141.26,28,43,7.9,nonhotspot
 cla4,cla5,cla4,loop,helix,loop,114.9,86.1,96.6,19.6,45,57.3,-28.8,33,22.5,13.1,nonhotspot
 cla5,cla5,cla4,loop,loop,loop,70,114.9,106.8,141.2,29,18.3,-3.1,26,122.3,13.9,nonhotspot
 cla6,cla4,cla2,strand,helix,strand,61.5,52,77.9,4.6,30,20.7,145.37,24,4.7,-2.1,hotspot
 cla2,cla6,cla4,helix,strand,helix,105.2,77.9,61.5,4,48,73.6,-25.67,30,2.2,-1.9,hotspot
 cla5,cla6,cla1,helix,loop,loop,46.5,66.5,41.4,53.8,17,14.8,-14.52,21,50.3,-2,hotspot
 cla5,cla3,cla4,loop,helix,helix,62.6,96,66.9,7.6,10,9.9,-58.45,33,10.8,-0.6,nonhotspot
 cla4,cla6,cla5,helix,loop,helix,57.3,79.7,41.4,43.3,42,26.1,-77.42,21,44.6,-2,hotspot
 cla5,cla3,cla4,helix,loop,helix,79.7,96,76.3,11,49,32,-27.4,29,11.9,-0.9,nonhotspot
 cla5,cla6,cla4,helix,loop,helix,66,83.2,103.5,3,10,5.6,-48.03,40,3.2,10.6,nonhotspot
 cla5,cla2,cla4,helix,loop,helix,53.5,83.2,59.1,73.3,16,10.1,-39.79,19,68.6,8.8,nonhotspot
 cla4,cla6,cla5,helix,loop,helix,83.2,53.5,103.5,11.2,45,22.8,-40.82,40,10.8,10.6,nonhotspot
 cla3,cla6,cla2,loop,strand,loop,67.5,99.7,101.4,0,17,2.5,74.05,31,0,-4.9,hotspot
 cla3,cla3,cla2,loop,strand,loop,103.5,73.9,78.3,12.6,32,60.2,0.95,20,9.7,7.5,nonhotspot
 cla3,cla5,cla4,loop,loop,loop,131.9,67.5,85.9,11,54,65.3,-36.72,33,14.8,3.2,hotspot
 cla6,cla3,cla1,loop,loop,loop,139.3,91.6,89.6,3,47,96.6,-91.25,30,1.4,-0.9,nonhotspot
 cla5,cla3,cla1,strand,loop,loop,131.9,76,77.4,5.1,49,33.3,132.12,28,6.5,2.2,nonhotspot
 cla5,cla3,cla6,strand,loop,strand,60,105.5,86.6,66.5,32,19.5,148.92,33,65.4,1.8,nonhotspot
 cla2,cla1,cla1,loop,helix,loop,62.8,48.1,59,48.9,38,38.5,160.25,20,37.6,-9.8,nonhotspot
 cla3,cla6,cla1,loop,helix,helix,57.9,73.9,48.5,24.9,18,17.6,76.92,10,25.9,-3.6,nonhotspot
